id,name,email
1,Athins,athin.best@test1.com
2,Arnold,arnold@test1.com
3,Alloop,alloop@test1.com
4,Brandan,brandan@test1.com
5,Cinthya,cinthya@test1.com
6,Rads,rad@test1.com
7,Sim,sim@y.com
8,vind,vind@test.com
