Name,Given Name,Email
Athin Best,Athin,athin.best@test1.com
Aamos,Aamos,aamos@test1.com
Alloop,Alloop,alloop@test1.com
Brandan,Brandan,brandan@test1.com
Cinthya,Cinthya,cinthya@test1.com
Rad ,Rad,rad@test1.com
